{
  "bomFormat": "CycloneDX",
  "specVersion": "1.4",
  "serialNumber": "urn:uuid:99da5ff5-b627-4c8a-9bb5-280fb0318953",
  "version": 1,
  "metadata": {
    "timestamp": "2024-06-11T07:43:49Z",
    "tools": [
      {
        "vendor": "anchore",
        "name": "syft",
        "version": "v0.46.3"
      }
    ],
    "component": {
      "bom-ref": "1af8f6801614457d",
      "type": "container",
      "name": "mongodb/mongodb-atlas-kubernetes-operator:2.3.1@sha256:b4fdbcbf2a5b6f0bf6f175b3ca6e5acd19cbfcc5e13d63f2c7e426bbabf9b713",
      "version": "sha256:d2aa1144f664c97f766e155f3192f5f284ad734b630f6aa1f24f9e6936400bb0"
    }
  },
  "components": [
    {
      "bom-ref": "pkg:golang/github.com/masterminds/semver@v1.5.0?package-id=c29efbc357e2096e",
      "type": "library",
      "name": "github.com/Masterminds/semver",
      "version": "v1.5.0",
      "cpe": "cpe:2.3:a:Masterminds:semver:v1.5.0:*:*:*:*:*:*:*",
      "purl": "pkg:golang/github.com/Masterminds/semver@v1.5.0",
      "properties": [
        {
          "name": "syft:package:foundBy",
          "value": "go-module-binary-cataloger"
        },
        {
          "name": "syft:package:language",
          "value": "go"
        },
        {
          "name": "syft:package:metadataType",
          "value": "GolangBinMetadata"
        },
        {
          "name": "syft:package:type",
          "value": "go-module"
        },
        {
          "name": "syft:location:0:layerID",
          "value": "sha256:7aaee31f61bd806c7dc9e121d16a177022de840f3a66fa7dd8ff7950d8af43f0"
        },
        {
          "name": "syft:location:0:path",
          "value": "/manager"
        },
        {
          "name": "syft:metadata:architecture",
          "value": "amd64"
        },
        {
          "name": "syft:metadata:goCompiledVersion",
          "value": "go1.22.4"
        },
        {
          "name": "syft:metadata:h1Digest",
          "value": "h1:H65muMkzWKEuNDnfl9d70GUjFniHKHRbFPGBuZ3QEww="
        }
      ]
    },
    {
      "bom-ref": "pkg:golang/github.com/beorn7/perks@v1.0.1?package-id=d2b1569f5667b751",
      "type": "library",
      "name": "github.com/beorn7/perks",
      "version": "v1.0.1",
      "cpe": "cpe:2.3:a:beorn7:perks:v1.0.1:*:*:*:*:*:*:*",
      "purl": "pkg:golang/github.com/beorn7/perks@v1.0.1",
      "properties": [
        {
          "name": "syft:package:foundBy",
          "value": "go-module-binary-cataloger"
        },
        {
          "name": "syft:package:language",
          "value": "go"
        },
        {
          "name": "syft:package:metadataType",
          "value": "GolangBinMetadata"
        },
        {
          "name": "syft:package:type",
          "value": "go-module"
        },
        {
          "name": "syft:location:0:layerID",
          "value": "sha256:7aaee31f61bd806c7dc9e121d16a177022de840f3a66fa7dd8ff7950d8af43f0"
        },
        {
          "name": "syft:location:0:path",
          "value": "/manager"
        },
        {
          "name": "syft:metadata:architecture",
          "value": "amd64"
        },
        {
          "name": "syft:metadata:goCompiledVersion",
          "value": "go1.22.4"
        },
        {
          "name": "syft:metadata:h1Digest",
          "value": "h1:VlbKKnNfV8bJzeqoa4cOKqO6bYr3WgKZxO8Z16+hsOM="
        }
      ]
    },
    {
      "bom-ref": "pkg:golang/github.com/cespare/xxhash/v2@v2.2.0?package-id=2648a443e34fead",
      "type": "library",
      "name": "github.com/cespare/xxhash/v2",
      "version": "v2.2.0",
      "cpe": "cpe:2.3:a:cespare:xxhash\\/v2:v2.2.0:*:*:*:*:*:*:*",
      "purl": "pkg:golang/github.com/cespare/xxhash/v2@v2.2.0",
      "properties": [
        {
          "name": "syft:package:foundBy",
          "value": "go-module-binary-cataloger"
        },
        {
          "name": "syft:package:language",
          "value": "go"
        },
        {
          "name": "syft:package:metadataType",
          "value": "GolangBinMetadata"
        },
        {
          "name": "syft:package:type",
          "value": "go-module"
        },
        {
          "name": "syft:location:0:layerID",
          "value": "sha256:7aaee31f61bd806c7dc9e121d16a177022de840f3a66fa7dd8ff7950d8af43f0"
        },
        {
          "name": "syft:location:0:path",
          "value": "/manager"
        },
        {
          "name": "syft:metadata:architecture",
          "value": "amd64"
        },
        {
          "name": "syft:metadata:goCompiledVersion",
          "value": "go1.22.4"
        },
        {
          "name": "syft:metadata:h1Digest",
          "value": "h1:DC2CZ1Ep5Y4k3ZQ899DldepgrayRUGE6BBZ/cd9Cj44="
        }
      ]
    },
    {
      "bom-ref": "pkg:golang/github.com/davecgh/go-spew@v1.1.1?package-id=d38ab717f86182fb",
      "type": "library",
      "name": "github.com/davecgh/go-spew",
      "version": "v1.1.1",
      "cpe": "cpe:2.3:a:davecgh:go-spew:v1.1.1:*:*:*:*:*:*:*",
      "purl": "pkg:golang/github.com/davecgh/go-spew@v1.1.1",
      "properties": [
        {
          "name": "syft:package:foundBy",
          "value": "go-module-binary-cataloger"
        },
        {
          "name": "syft:package:language",
          "value": "go"
        },
        {
          "name": "syft:package:metadataType",
          "value": "GolangBinMetadata"
        },
        {
          "name": "syft:package:type",
          "value": "go-module"
        },
        {
          "name": "syft:cpe23",
          "value": "cpe:2.3:a:davecgh:go_spew:v1.1.1:*:*:*:*:*:*:*"
        },
        {
          "name": "syft:location:0:layerID",
          "value": "sha256:7aaee31f61bd806c7dc9e121d16a177022de840f3a66fa7dd8ff7950d8af43f0"
        },
        {
          "name": "syft:location:0:path",
          "value": "/manager"
        },
        {
          "name": "syft:metadata:architecture",
          "value": "amd64"
        },
        {
          "name": "syft:metadata:goCompiledVersion",
          "value": "go1.22.4"
        },
        {
          "name": "syft:metadata:h1Digest",
          "value": "h1:vj9j/u1bqnvCEfJOwUhtlOARqs3+rkHYY13jYWTU97c="
        }
      ]
    },
    {
      "bom-ref": "pkg:golang/github.com/emicklei/go-restful/v3@v3.11.0?package-id=e84c9660a685dc36",
      "type": "library",
      "name": "github.com/emicklei/go-restful/v3",
      "version": "v3.11.0",
      "cpe": "cpe:2.3:a:emicklei:go-restful\\/v3:v3.11.0:*:*:*:*:*:*:*",
      "purl": "pkg:golang/github.com/emicklei/go-restful/v3@v3.11.0",
      "properties": [
        {
          "name": "syft:package:foundBy",
          "value": "go-module-binary-cataloger"
        },
        {
          "name": "syft:package:language",
          "value": "go"
        },
        {
          "name": "syft:package:metadataType",
          "value": "GolangBinMetadata"
        },
        {
          "name": "syft:package:type",
          "value": "go-module"
        },
        {
          "name": "syft:cpe23",
          "value": "cpe:2.3:a:emicklei:go_restful\\/v3:v3.11.0:*:*:*:*:*:*:*"
        },
        {
          "name": "syft:location:0:layerID",
          "value": "sha256:7aaee31f61bd806c7dc9e121d16a177022de840f3a66fa7dd8ff7950d8af43f0"
        },
        {
          "name": "syft:location:0:path",
          "value": "/manager"
        },
        {
          "name": "syft:metadata:architecture",
          "value": "amd64"
        },
        {
          "name": "syft:metadata:goCompiledVersion",
          "value": "go1.22.4"
        },
        {
          "name": "syft:metadata:h1Digest",
          "value": "h1:rAQeMHw1c7zTmncogyy8VvRZwtkmkZ4FxERmMY4rD+g="
        }
      ]
    },
    {
      "bom-ref": "pkg:golang/github.com/evanphx/json-patch/v5@v5.9.0?package-id=b1fe311304cb0aa7",
      "type": "library",
      "name": "github.com/evanphx/json-patch/v5",
      "version": "v5.9.0",
      "cpe": "cpe:2.3:a:evanphx:json-patch\\/v5:v5.9.0:*:*:*:*:*:*:*",
      "purl": "pkg:golang/github.com/evanphx/json-patch/v5@v5.9.0",
      "properties": [
        {
          "name": "syft:package:foundBy",
          "value": "go-module-binary-cataloger"
        },
        {
          "name": "syft:package:language",
          "value": "go"
        },
        {
          "name": "syft:package:metadataType",
          "value": "GolangBinMetadata"
        },
        {
          "name": "syft:package:type",
          "value": "go-module"
        },
        {
          "name": "syft:cpe23",
          "value": "cpe:2.3:a:evanphx:json_patch\\/v5:v5.9.0:*:*:*:*:*:*:*"
        },
        {
          "name": "syft:location:0:layerID",
          "value": "sha256:7aaee31f61bd806c7dc9e121d16a177022de840f3a66fa7dd8ff7950d8af43f0"
        },
        {
          "name": "syft:location:0:path",
          "value": "/manager"
        },
        {
          "name": "syft:metadata:architecture",
          "value": "amd64"
        },
        {
          "name": "syft:metadata:goCompiledVersion",
          "value": "go1.22.4"
        },
        {
          "name": "syft:metadata:h1Digest",
          "value": "h1:kcBlZQbplgElYIlo/n1hJbls2z/1awpXxpRi0/FOJfg="
        }
      ]
    },
    {
      "bom-ref": "pkg:golang/github.com/fsnotify/fsnotify@v1.7.0?package-id=edaaa5e4541c4e14",
      "type": "library",
      "name": "github.com/fsnotify/fsnotify",
      "version": "v1.7.0",
      "cpe": "cpe:2.3:a:fsnotify:fsnotify:v1.7.0:*:*:*:*:*:*:*",
      "purl": "pkg:golang/github.com/fsnotify/fsnotify@v1.7.0",
      "properties": [
        {
          "name": "syft:package:foundBy",
          "value": "go-module-binary-cataloger"
        },
        {
          "name": "syft:package:language",
          "value": "go"
        },
        {
          "name": "syft:package:metadataType",
          "value": "GolangBinMetadata"
        },
        {
          "name": "syft:package:type",
          "value": "go-module"
        },
        {
          "name": "syft:location:0:layerID",
          "value": "sha256:7aaee31f61bd806c7dc9e121d16a177022de840f3a66fa7dd8ff7950d8af43f0"
        },
        {
          "name": "syft:location:0:path",
          "value": "/manager"
        },
        {
          "name": "syft:metadata:architecture",
          "value": "amd64"
        },
        {
          "name": "syft:metadata:goCompiledVersion",
          "value": "go1.22.4"
        },
        {
          "name": "syft:metadata:h1Digest",
          "value": "h1:8JEhPFa5W2WU7YfeZzPNqzMP6Lwt7L2715Ggo0nosvA="
        }
      ]
    },
    {
      "bom-ref": "pkg:golang/github.com/go-logr/logr@v1.4.1?package-id=ad685d8ec6811a6d",
      "type": "library",
      "name": "github.com/go-logr/logr",
      "version": "v1.4.1",
      "cpe": "cpe:2.3:a:go-logr:logr:v1.4.1:*:*:*:*:*:*:*",
      "purl": "pkg:golang/github.com/go-logr/logr@v1.4.1",
      "properties": [
        {
          "name": "syft:package:foundBy",
          "value": "go-module-binary-cataloger"
        },
        {
          "name": "syft:package:language",
          "value": "go"
        },
        {
          "name": "syft:package:metadataType",
          "value": "GolangBinMetadata"
        },
        {
          "name": "syft:package:type",
          "value": "go-module"
        },
        {
          "name": "syft:cpe23",
          "value": "cpe:2.3:a:go_logr:logr:v1.4.1:*:*:*:*:*:*:*"
        },
        {
          "name": "syft:cpe23",
          "value": "cpe:2.3:a:go:logr:v1.4.1:*:*:*:*:*:*:*"
        },
        {
          "name": "syft:location:0:layerID",
          "value": "sha256:7aaee31f61bd806c7dc9e121d16a177022de840f3a66fa7dd8ff7950d8af43f0"
        },
        {
          "name": "syft:location:0:path",
          "value": "/manager"
        },
        {
          "name": "syft:metadata:architecture",
          "value": "amd64"
        },
        {
          "name": "syft:metadata:goCompiledVersion",
          "value": "go1.22.4"
        },
        {
          "name": "syft:metadata:h1Digest",
          "value": "h1:pKouT5E8xu9zeFC39JXRDukb6JFQPXM5p5I91188VAQ="
        }
      ]
    },
    {
      "bom-ref": "pkg:golang/github.com/go-logr/zapr@v1.3.0?package-id=f160f96ffcf3145a",
      "type": "library",
      "name": "github.com/go-logr/zapr",
      "version": "v1.3.0",
      "cpe": "cpe:2.3:a:go-logr:zapr:v1.3.0:*:*:*:*:*:*:*",
      "purl": "pkg:golang/github.com/go-logr/zapr@v1.3.0",
      "properties": [
        {
          "name": "syft:package:foundBy",
          "value": "go-module-binary-cataloger"
        },
        {
          "name": "syft:package:language",
          "value": "go"
        },
        {
          "name": "syft:package:metadataType",
          "value": "GolangBinMetadata"
        },
        {
          "name": "syft:package:type",
          "value": "go-module"
        },
        {
          "name": "syft:cpe23",
          "value": "cpe:2.3:a:go_logr:zapr:v1.3.0:*:*:*:*:*:*:*"
        },
        {
          "name": "syft:cpe23",
          "value": "cpe:2.3:a:go:zapr:v1.3.0:*:*:*:*:*:*:*"
        },
        {
          "name": "syft:location:0:layerID",
          "value": "sha256:7aaee31f61bd806c7dc9e121d16a177022de840f3a66fa7dd8ff7950d8af43f0"
        },
        {
          "name": "syft:location:0:path",
          "value": "/manager"
        },
        {
          "name": "syft:metadata:architecture",
          "value": "amd64"
        },
        {
          "name": "syft:metadata:goCompiledVersion",
          "value": "go1.22.4"
        },
        {
          "name": "syft:metadata:h1Digest",
          "value": "h1:XGdV8XW8zdwFiwOA2Dryh1gj2KRQyOOoNmBy4EplIcQ="
        }
      ]
    },
    {
      "bom-ref": "pkg:golang/github.com/go-openapi/jsonpointer@v0.19.6?package-id=ff3c468b1edc1333",
      "type": "library",
      "name": "github.com/go-openapi/jsonpointer",
      "version": "v0.19.6",
      "cpe": "cpe:2.3:a:go-openapi:jsonpointer:v0.19.6:*:*:*:*:*:*:*",
      "purl": "pkg:golang/github.com/go-openapi/jsonpointer@v0.19.6",
      "properties": [
        {
          "name": "syft:package:foundBy",
          "value": "go-module-binary-cataloger"
        },
        {
          "name": "syft:package:language",
          "value": "go"
        },
        {
          "name": "syft:package:metadataType",
          "value": "GolangBinMetadata"
        },
        {
          "name": "syft:package:type",
          "value": "go-module"
        },
        {
          "name": "syft:cpe23",
          "value": "cpe:2.3:a:go_openapi:jsonpointer:v0.19.6:*:*:*:*:*:*:*"
        },
        {
          "name": "syft:cpe23",
          "value": "cpe:2.3:a:go:jsonpointer:v0.19.6:*:*:*:*:*:*:*"
        },
        {
          "name": "syft:location:0:layerID",
          "value": "sha256:7aaee31f61bd806c7dc9e121d16a177022de840f3a66fa7dd8ff7950d8af43f0"
        },
        {
          "name": "syft:location:0:path",
          "value": "/manager"
        },
        {
          "name": "syft:metadata:architecture",
          "value": "amd64"
        },
        {
          "name": "syft:metadata:goCompiledVersion",
          "value": "go1.22.4"
        },
        {
          "name": "syft:metadata:h1Digest",
          "value": "h1:eCs3fxoIi3Wh6vtgmLTOjdhSpiqphQ+DaPn38N2ZdrE="
        }
      ]
    },
    {
      "bom-ref": "pkg:golang/github.com/go-openapi/jsonreference@v0.20.2?package-id=5e61853c8dc17dbf",
      "type": "library",
      "name": "github.com/go-openapi/jsonreference",
      "version": "v0.20.2",
      "cpe": "cpe:2.3:a:go-openapi:jsonreference:v0.20.2:*:*:*:*:*:*:*",
      "purl": "pkg:golang/github.com/go-openapi/jsonreference@v0.20.2",
      "properties": [
        {
          "name": "syft:package:foundBy",
          "value": "go-module-binary-cataloger"
        },
        {
          "name": "syft:package:language",
          "value": "go"
        },
        {
          "name": "syft:package:metadataType",
          "value": "GolangBinMetadata"
        },
        {
          "name": "syft:package:type",
          "value": "go-module"
        },
        {
          "name": "syft:cpe23",
          "value": "cpe:2.3:a:go_openapi:jsonreference:v0.20.2:*:*:*:*:*:*:*"
        },
        {
          "name": "syft:cpe23",
          "value": "cpe:2.3:a:go:jsonreference:v0.20.2:*:*:*:*:*:*:*"
        },
        {
          "name": "syft:location:0:layerID",
          "value": "sha256:7aaee31f61bd806c7dc9e121d16a177022de840f3a66fa7dd8ff7950d8af43f0"
        },
        {
          "name": "syft:location:0:path",
          "value": "/manager"
        },
        {
          "name": "syft:metadata:architecture",
          "value": "amd64"
        },
        {
          "name": "syft:metadata:goCompiledVersion",
          "value": "go1.22.4"
        },
        {
          "name": "syft:metadata:h1Digest",
          "value": "h1:3sVjiK66+uXK/6oQ8xgcRKcFgQ5KXa2KvnJRumpMGbE="
        }
      ]
    },
    {
      "bom-ref": "pkg:golang/github.com/go-openapi/swag@v0.22.3?package-id=e1ebdcc99a80b46e",
      "type": "library",
      "name": "github.com/go-openapi/swag",
      "version": "v0.22.3",
      "cpe": "cpe:2.3:a:go-openapi:swag:v0.22.3:*:*:*:*:*:*:*",
      "purl": "pkg:golang/github.com/go-openapi/swag@v0.22.3",
      "properties": [
        {
          "name": "syft:package:foundBy",
          "value": "go-module-binary-cataloger"
        },
        {
          "name": "syft:package:language",
          "value": "go"
        },
        {
          "name": "syft:package:metadataType",
          "value": "GolangBinMetadata"
        },
        {
          "name": "syft:package:type",
          "value": "go-module"
        },
        {
          "name": "syft:cpe23",
          "value": "cpe:2.3:a:go_openapi:swag:v0.22.3:*:*:*:*:*:*:*"
        },
        {
          "name": "syft:cpe23",
          "value": "cpe:2.3:a:go:swag:v0.22.3:*:*:*:*:*:*:*"
        },
        {
          "name": "syft:location:0:layerID",
          "value": "sha256:7aaee31f61bd806c7dc9e121d16a177022de840f3a66fa7dd8ff7950d8af43f0"
        },
        {
          "name": "syft:location:0:path",
          "value": "/manager"
        },
        {
          "name": "syft:metadata:architecture",
          "value": "amd64"
        },
        {
          "name": "syft:metadata:goCompiledVersion",
          "value": "go1.22.4"
        },
        {
          "name": "syft:metadata:h1Digest",
          "value": "h1:yMBqmnQ0gyZvEb/+KzuWZOXgllrXT4SADYbvDaXHv/g="
        }
      ]
    },
    {
      "bom-ref": "pkg:golang/github.com/gogo/protobuf@v1.3.2?package-id=f0c378c226948be2",
      "type": "library",
      "name": "github.com/gogo/protobuf",
      "version": "v1.3.2",
      "cpe": "cpe:2.3:a:gogo:protobuf:v1.3.2:*:*:*:*:*:*:*",
      "purl": "pkg:golang/github.com/gogo/protobuf@v1.3.2",
      "properties": [
        {
          "name": "syft:package:foundBy",
          "value": "go-module-binary-cataloger"
        },
        {
          "name": "syft:package:language",
          "value": "go"
        },
        {
          "name": "syft:package:metadataType",
          "value": "GolangBinMetadata"
        },
        {
          "name": "syft:package:type",
          "value": "go-module"
        },
        {
          "name": "syft:location:0:layerID",
          "value": "sha256:7aaee31f61bd806c7dc9e121d16a177022de840f3a66fa7dd8ff7950d8af43f0"
        },
        {
          "name": "syft:location:0:path",
          "value": "/manager"
        },
        {
          "name": "syft:metadata:architecture",
          "value": "amd64"
        },
        {
          "name": "syft:metadata:goCompiledVersion",
          "value": "go1.22.4"
        },
        {
          "name": "syft:metadata:h1Digest",
          "value": "h1:Ov1cvc58UF3b5XjBnZv7+opcTcQFZebYjWzi34vdm4Q="
        }
      ]
    },
    {
      "bom-ref": "pkg:golang/github.com/golang/groupcache@v0.0.0-20210331224755-41bb18bfe9da?package-id=8f20622d147eca9f",
      "type": "library",
      "name": "github.com/golang/groupcache",
      "version": "v0.0.0-20210331224755-41bb18bfe9da",
      "cpe": "cpe:2.3:a:golang:groupcache:v0.0.0-20210331224755-41bb18bfe9da:*:*:*:*:*:*:*",
      "purl": "pkg:golang/github.com/golang/groupcache@v0.0.0-20210331224755-41bb18bfe9da",
      "properties": [
        {
          "name": "syft:package:foundBy",
          "value": "go-module-binary-cataloger"
        },
        {
          "name": "syft:package:language",
          "value": "go"
        },
        {
          "name": "syft:package:metadataType",
          "value": "GolangBinMetadata"
        },
        {
          "name": "syft:package:type",
          "value": "go-module"
        },
        {
          "name": "syft:location:0:layerID",
          "value": "sha256:7aaee31f61bd806c7dc9e121d16a177022de840f3a66fa7dd8ff7950d8af43f0"
        },
        {
          "name": "syft:location:0:path",
          "value": "/manager"
        },
        {
          "name": "syft:metadata:architecture",
          "value": "amd64"
        },
        {
          "name": "syft:metadata:goCompiledVersion",
          "value": "go1.22.4"
        },
        {
          "name": "syft:metadata:h1Digest",
          "value": "h1:oI5xCqsCo564l8iNU+DwB5epxmsaqB+rhGL0m5jtYqE="
        }
      ]
    },
    {
      "bom-ref": "pkg:golang/github.com/golang/protobuf@v1.5.4?package-id=651f211dc60512d3",
      "type": "library",
      "name": "github.com/golang/protobuf",
      "version": "v1.5.4",
      "cpe": "cpe:2.3:a:golang:protobuf:v1.5.4:*:*:*:*:*:*:*",
      "purl": "pkg:golang/github.com/golang/protobuf@v1.5.4",
      "properties": [
        {
          "name": "syft:package:foundBy",
          "value": "go-module-binary-cataloger"
        },
        {
          "name": "syft:package:language",
          "value": "go"
        },
        {
          "name": "syft:package:metadataType",
          "value": "GolangBinMetadata"
        },
        {
          "name": "syft:package:type",
          "value": "go-module"
        },
        {
          "name": "syft:location:0:layerID",
          "value": "sha256:7aaee31f61bd806c7dc9e121d16a177022de840f3a66fa7dd8ff7950d8af43f0"
        },
        {
          "name": "syft:location:0:path",
          "value": "/manager"
        },
        {
          "name": "syft:metadata:architecture",
          "value": "amd64"
        },
        {
          "name": "syft:metadata:goCompiledVersion",
          "value": "go1.22.4"
        },
        {
          "name": "syft:metadata:h1Digest",
          "value": "h1:i7eJL8qZTpSEXOPTxNKhASYpMn+8e5Q6AdndVa1dWek="
        }
      ]
    },
    {
      "bom-ref": "pkg:golang/github.com/google/gnostic-models@v0.6.8?package-id=6cc3dc9f23de0582",
      "type": "library",
      "name": "github.com/google/gnostic-models",
      "version": "v0.6.8",
      "cpe": "cpe:2.3:a:google:gnostic-models:v0.6.8:*:*:*:*:*:*:*",
      "purl": "pkg:golang/github.com/google/gnostic-models@v0.6.8",
      "properties": [
        {
          "name": "syft:package:foundBy",
          "value": "go-module-binary-cataloger"
        },
        {
          "name": "syft:package:language",
          "value": "go"
        },
        {
          "name": "syft:package:metadataType",
          "value": "GolangBinMetadata"
        },
        {
          "name": "syft:package:type",
          "value": "go-module"
        },
        {
          "name": "syft:cpe23",
          "value": "cpe:2.3:a:google:gnostic_models:v0.6.8:*:*:*:*:*:*:*"
        },
        {
          "name": "syft:location:0:layerID",
          "value": "sha256:7aaee31f61bd806c7dc9e121d16a177022de840f3a66fa7dd8ff7950d8af43f0"
        },
        {
          "name": "syft:location:0:path",
          "value": "/manager"
        },
        {
          "name": "syft:metadata:architecture",
          "value": "amd64"
        },
        {
          "name": "syft:metadata:goCompiledVersion",
          "value": "go1.22.4"
        },
        {
          "name": "syft:metadata:h1Digest",
          "value": "h1:yo/ABAfM5IMRsS1VnXjTBvUb61tFIHozhlYvRgGre9I="
        }
      ]
    },
    {
      "bom-ref": "pkg:golang/github.com/google/go-cmp@v0.6.0?package-id=c5141f00ad1989f8",
      "type": "library",
      "name": "github.com/google/go-cmp",
      "version": "v0.6.0",
      "cpe": "cpe:2.3:a:google:go-cmp:v0.6.0:*:*:*:*:*:*:*",
      "purl": "pkg:golang/github.com/google/go-cmp@v0.6.0",
      "properties": [
        {
          "name": "syft:package:foundBy",
          "value": "go-module-binary-cataloger"
        },
        {
          "name": "syft:package:language",
          "value": "go"
        },
        {
          "name": "syft:package:metadataType",
          "value": "GolangBinMetadata"
        },
        {
          "name": "syft:package:type",
          "value": "go-module"
        },
        {
          "name": "syft:cpe23",
          "value": "cpe:2.3:a:google:go_cmp:v0.6.0:*:*:*:*:*:*:*"
        },
        {
          "name": "syft:location:0:layerID",
          "value": "sha256:7aaee31f61bd806c7dc9e121d16a177022de840f3a66fa7dd8ff7950d8af43f0"
        },
        {
          "name": "syft:location:0:path",
          "value": "/manager"
        },
        {
          "name": "syft:metadata:architecture",
          "value": "amd64"
        },
        {
          "name": "syft:metadata:goCompiledVersion",
          "value": "go1.22.4"
        },
        {
          "name": "syft:metadata:h1Digest",
          "value": "h1:ofyhxvXcZhMsU5ulbFiLKl/XBFqE1GSq7atu8tAmTRI="
        }
      ]
    },
    {
      "bom-ref": "pkg:golang/github.com/google/go-querystring@v1.1.0?package-id=2b485fb582ea2f58",
      "type": "library",
      "name": "github.com/google/go-querystring",
      "version": "v1.1.0",
      "cpe": "cpe:2.3:a:google:go-querystring:v1.1.0:*:*:*:*:*:*:*",
      "purl": "pkg:golang/github.com/google/go-querystring@v1.1.0",
      "properties": [
        {
          "name": "syft:package:foundBy",
          "value": "go-module-binary-cataloger"
        },
        {
          "name": "syft:package:language",
          "value": "go"
        },
        {
          "name": "syft:package:metadataType",
          "value": "GolangBinMetadata"
        },
        {
          "name": "syft:package:type",
          "value": "go-module"
        },
        {
          "name": "syft:cpe23",
          "value": "cpe:2.3:a:google:go_querystring:v1.1.0:*:*:*:*:*:*:*"
        },
        {
          "name": "syft:location:0:layerID",
          "value": "sha256:7aaee31f61bd806c7dc9e121d16a177022de840f3a66fa7dd8ff7950d8af43f0"
        },
        {
          "name": "syft:location:0:path",
          "value": "/manager"
        },
        {
          "name": "syft:metadata:architecture",
          "value": "amd64"
        },
        {
          "name": "syft:metadata:goCompiledVersion",
          "value": "go1.22.4"
        },
        {
          "name": "syft:metadata:h1Digest",
          "value": "h1:AnCroh3fv4ZBgVIf1Iwtovgjaw/GiKJo8M8yD/fhyJ8="
        }
      ]
    },
    {
      "bom-ref": "pkg:golang/github.com/google/gofuzz@v1.2.0?package-id=670e11d93e28a98a",
      "type": "library",
      "name": "github.com/google/gofuzz",
      "version": "v1.2.0",
      "cpe": "cpe:2.3:a:google:gofuzz:v1.2.0:*:*:*:*:*:*:*",
      "purl": "pkg:golang/github.com/google/gofuzz@v1.2.0",
      "properties": [
        {
          "name": "syft:package:foundBy",
          "value": "go-module-binary-cataloger"
        },
        {
          "name": "syft:package:language",
          "value": "go"
        },
        {
          "name": "syft:package:metadataType",
          "value": "GolangBinMetadata"
        },
        {
          "name": "syft:package:type",
          "value": "go-module"
        },
        {
          "name": "syft:location:0:layerID",
          "value": "sha256:7aaee31f61bd806c7dc9e121d16a177022de840f3a66fa7dd8ff7950d8af43f0"
        },
        {
          "name": "syft:location:0:path",
          "value": "/manager"
        },
        {
          "name": "syft:metadata:architecture",
          "value": "amd64"
        },
        {
          "name": "syft:metadata:goCompiledVersion",
          "value": "go1.22.4"
        },
        {
          "name": "syft:metadata:h1Digest",
          "value": "h1:xRy4A+RhZaiKjJ1bPfwQ8sedCA+YS2YcCHW6ec7JMi0="
        }
      ]
    },
    {
      "bom-ref": "pkg:golang/github.com/google/uuid@v1.6.0?package-id=aca94363504f9579",
      "type": "library",
      "name": "github.com/google/uuid",
      "version": "v1.6.0",
      "cpe": "cpe:2.3:a:google:uuid:v1.6.0:*:*:*:*:*:*:*",
      "purl": "pkg:golang/github.com/google/uuid@v1.6.0",
      "properties": [
        {
          "name": "syft:package:foundBy",
          "value": "go-module-binary-cataloger"
        },
        {
          "name": "syft:package:language",
          "value": "go"
        },
        {
          "name": "syft:package:metadataType",
          "value": "GolangBinMetadata"
        },
        {
          "name": "syft:package:type",
          "value": "go-module"
        },
        {
          "name": "syft:location:0:layerID",
          "value": "sha256:7aaee31f61bd806c7dc9e121d16a177022de840f3a66fa7dd8ff7950d8af43f0"
        },
        {
          "name": "syft:location:0:path",
          "value": "/manager"
        },
        {
          "name": "syft:metadata:architecture",
          "value": "amd64"
        },
        {
          "name": "syft:metadata:goCompiledVersion",
          "value": "go1.22.4"
        },
        {
          "name": "syft:metadata:h1Digest",
          "value": "h1:NIvaJDMOsjHA8n1jAhLSgzrAzy1Hgr+hNrb57e+94F0="
        }
      ]
    },
    {
      "bom-ref": "pkg:golang/github.com/imdario/mergo@v0.3.12?package-id=8f3c4bb47ac9c489",
      "type": "library",
      "name": "github.com/imdario/mergo",
      "version": "v0.3.12",
      "cpe": "cpe:2.3:a:imdario:mergo:v0.3.12:*:*:*:*:*:*:*",
      "purl": "pkg:golang/github.com/imdario/mergo@v0.3.12",
      "properties": [
        {
          "name": "syft:package:foundBy",
          "value": "go-module-binary-cataloger"
        },
        {
          "name": "syft:package:language",
          "value": "go"
        },
        {
          "name": "syft:package:metadataType",
          "value": "GolangBinMetadata"
        },
        {
          "name": "syft:package:type",
          "value": "go-module"
        },
        {
          "name": "syft:location:0:layerID",
          "value": "sha256:7aaee31f61bd806c7dc9e121d16a177022de840f3a66fa7dd8ff7950d8af43f0"
        },
        {
          "name": "syft:location:0:path",
          "value": "/manager"
        },
        {
          "name": "syft:metadata:architecture",
          "value": "amd64"
        },
        {
          "name": "syft:metadata:goCompiledVersion",
          "value": "go1.22.4"
        },
        {
          "name": "syft:metadata:h1Digest",
          "value": "h1:b6R2BslTbIEToALKP7LxUvijTsNI9TAe80pLWN2g/HU="
        }
      ]
    },
    {
      "bom-ref": "pkg:golang/github.com/josharian/intern@v1.0.0?package-id=24f7708a876cd95d",
      "type": "library",
      "name": "github.com/josharian/intern",
      "version": "v1.0.0",
      "cpe": "cpe:2.3:a:josharian:intern:v1.0.0:*:*:*:*:*:*:*",
      "purl": "pkg:golang/github.com/josharian/intern@v1.0.0",
      "properties": [
        {
          "name": "syft:package:foundBy",
          "value": "go-module-binary-cataloger"
        },
        {
          "name": "syft:package:language",
          "value": "go"
        },
        {
          "name": "syft:package:metadataType",
          "value": "GolangBinMetadata"
        },
        {
          "name": "syft:package:type",
          "value": "go-module"
        },
        {
          "name": "syft:location:0:layerID",
          "value": "sha256:7aaee31f61bd806c7dc9e121d16a177022de840f3a66fa7dd8ff7950d8af43f0"
        },
        {
          "name": "syft:location:0:path",
          "value": "/manager"
        },
        {
          "name": "syft:metadata:architecture",
          "value": "amd64"
        },
        {
          "name": "syft:metadata:goCompiledVersion",
          "value": "go1.22.4"
        },
        {
          "name": "syft:metadata:h1Digest",
          "value": "h1:vlS4z54oSdjm0bgjRigI+G1HpF+tI+9rE5LLzOg8HmY="
        }
      ]
    },
    {
      "bom-ref": "pkg:golang/github.com/json-iterator/go@v1.1.12?package-id=6a063822eb472e4c",
      "type": "library",
      "name": "github.com/json-iterator/go",
      "version": "v1.1.12",
      "cpe": "cpe:2.3:a:json-iterator:go:v1.1.12:*:*:*:*:*:*:*",
      "purl": "pkg:golang/github.com/json-iterator/go@v1.1.12",
      "properties": [
        {
          "name": "syft:package:foundBy",
          "value": "go-module-binary-cataloger"
        },
        {
          "name": "syft:package:language",
          "value": "go"
        },
        {
          "name": "syft:package:metadataType",
          "value": "GolangBinMetadata"
        },
        {
          "name": "syft:package:type",
          "value": "go-module"
        },
        {
          "name": "syft:cpe23",
          "value": "cpe:2.3:a:json_iterator:go:v1.1.12:*:*:*:*:*:*:*"
        },
        {
          "name": "syft:cpe23",
          "value": "cpe:2.3:a:json:go:v1.1.12:*:*:*:*:*:*:*"
        },
        {
          "name": "syft:location:0:layerID",
          "value": "sha256:7aaee31f61bd806c7dc9e121d16a177022de840f3a66fa7dd8ff7950d8af43f0"
        },
        {
          "name": "syft:location:0:path",
          "value": "/manager"
        },
        {
          "name": "syft:metadata:architecture",
          "value": "amd64"
        },
        {
          "name": "syft:metadata:goCompiledVersion",
          "value": "go1.22.4"
        },
        {
          "name": "syft:metadata:h1Digest",
          "value": "h1:PV8peI4a0ysnczrg+LtxykD8LfKY9ML6u2jnxaEnrnM="
        }
      ]
    },
    {
      "bom-ref": "pkg:golang/github.com/mailru/easyjson@v0.7.7?package-id=c3db9018ba040904",
      "type": "library",
      "name": "github.com/mailru/easyjson",
      "version": "v0.7.7",
      "cpe": "cpe:2.3:a:mailru:easyjson:v0.7.7:*:*:*:*:*:*:*",
      "purl": "pkg:golang/github.com/mailru/easyjson@v0.7.7",
      "properties": [
        {
          "name": "syft:package:foundBy",
          "value": "go-module-binary-cataloger"
        },
        {
          "name": "syft:package:language",
          "value": "go"
        },
        {
          "name": "syft:package:metadataType",
          "value": "GolangBinMetadata"
        },
        {
          "name": "syft:package:type",
          "value": "go-module"
        },
        {
          "name": "syft:location:0:layerID",
          "value": "sha256:7aaee31f61bd806c7dc9e121d16a177022de840f3a66fa7dd8ff7950d8af43f0"
        },
        {
          "name": "syft:location:0:path",
          "value": "/manager"
        },
        {
          "name": "syft:metadata:architecture",
          "value": "amd64"
        },
        {
          "name": "syft:metadata:goCompiledVersion",
          "value": "go1.22.4"
        },
        {
          "name": "syft:metadata:h1Digest",
          "value": "h1:UGYAvKxe3sBsEDzO8ZeWOSlIQfWFlxbzLZe7hwFURr0="
        }
      ]
    },
    {
      "bom-ref": "pkg:golang/github.com/matttproud/golang_protobuf_extensions/v2@v2.0.0?package-id=93834132bae18ef7",
      "type": "library",
      "name": "github.com/matttproud/golang_protobuf_extensions/v2",
      "version": "v2.0.0",
      "cpe": "cpe:2.3:a:matttproud:golang-protobuf-extensions\\/v2:v2.0.0:*:*:*:*:*:*:*",
      "purl": "pkg:golang/github.com/matttproud/golang_protobuf_extensions/v2@v2.0.0",
      "properties": [
        {
          "name": "syft:package:foundBy",
          "value": "go-module-binary-cataloger"
        },
        {
          "name": "syft:package:language",
          "value": "go"
        },
        {
          "name": "syft:package:metadataType",
          "value": "GolangBinMetadata"
        },
        {
          "name": "syft:package:type",
          "value": "go-module"
        },
        {
          "name": "syft:cpe23",
          "value": "cpe:2.3:a:matttproud:golang_protobuf_extensions\\/v2:v2.0.0:*:*:*:*:*:*:*"
        },
        {
          "name": "syft:location:0:layerID",
          "value": "sha256:7aaee31f61bd806c7dc9e121d16a177022de840f3a66fa7dd8ff7950d8af43f0"
        },
        {
          "name": "syft:location:0:path",
          "value": "/manager"
        },
        {
          "name": "syft:metadata:architecture",
          "value": "amd64"
        },
        {
          "name": "syft:metadata:goCompiledVersion",
          "value": "go1.22.4"
        },
        {
          "name": "syft:metadata:h1Digest",
          "value": "h1:jWpvCLoY8Z/e3VKvlsiIGKtc+UG6U5vzxaoagmhXfyg="
        }
      ]
    },
    {
      "bom-ref": "pkg:golang/github.com/modern-go/concurrent@v0.0.0-20180306012644-bacd9c7ef1dd?package-id=23ed65bf6aefa025",
      "type": "library",
      "name": "github.com/modern-go/concurrent",
      "version": "v0.0.0-20180306012644-bacd9c7ef1dd",
      "cpe": "cpe:2.3:a:modern-go:concurrent:v0.0.0-20180306012644-bacd9c7ef1dd:*:*:*:*:*:*:*",
      "purl": "pkg:golang/github.com/modern-go/concurrent@v0.0.0-20180306012644-bacd9c7ef1dd",
      "properties": [
        {
          "name": "syft:package:foundBy",
          "value": "go-module-binary-cataloger"
        },
        {
          "name": "syft:package:language",
          "value": "go"
        },
        {
          "name": "syft:package:metadataType",
          "value": "GolangBinMetadata"
        },
        {
          "name": "syft:package:type",
          "value": "go-module"
        },
        {
          "name": "syft:cpe23",
          "value": "cpe:2.3:a:modern_go:concurrent:v0.0.0-20180306012644-bacd9c7ef1dd:*:*:*:*:*:*:*"
        },
        {
          "name": "syft:cpe23",
          "value": "cpe:2.3:a:modern:concurrent:v0.0.0-20180306012644-bacd9c7ef1dd:*:*:*:*:*:*:*"
        },
        {
          "name": "syft:location:0:layerID",
          "value": "sha256:7aaee31f61bd806c7dc9e121d16a177022de840f3a66fa7dd8ff7950d8af43f0"
        },
        {
          "name": "syft:location:0:path",
          "value": "/manager"
        },
        {
          "name": "syft:metadata:architecture",
          "value": "amd64"
        },
        {
          "name": "syft:metadata:goCompiledVersion",
          "value": "go1.22.4"
        },
        {
          "name": "syft:metadata:h1Digest",
          "value": "h1:TRLaZ9cD/w8PVh93nsPXa1VrQ6jlwL5oN8l14QlcNfg="
        }
      ]
    },
    {
      "bom-ref": "pkg:golang/github.com/modern-go/reflect2@v1.0.2?package-id=df72d2854f0c4032",
      "type": "library",
      "name": "github.com/modern-go/reflect2",
      "version": "v1.0.2",
      "cpe": "cpe:2.3:a:modern-go:reflect2:v1.0.2:*:*:*:*:*:*:*",
      "purl": "pkg:golang/github.com/modern-go/reflect2@v1.0.2",
      "properties": [
        {
          "name": "syft:package:foundBy",
          "value": "go-module-binary-cataloger"
        },
        {
          "name": "syft:package:language",
          "value": "go"
        },
        {
          "name": "syft:package:metadataType",
          "value": "GolangBinMetadata"
        },
        {
          "name": "syft:package:type",
          "value": "go-module"
        },
        {
          "name": "syft:cpe23",
          "value": "cpe:2.3:a:modern_go:reflect2:v1.0.2:*:*:*:*:*:*:*"
        },
        {
          "name": "syft:cpe23",
          "value": "cpe:2.3:a:modern:reflect2:v1.0.2:*:*:*:*:*:*:*"
        },
        {
          "name": "syft:location:0:layerID",
          "value": "sha256:7aaee31f61bd806c7dc9e121d16a177022de840f3a66fa7dd8ff7950d8af43f0"
        },
        {
          "name": "syft:location:0:path",
          "value": "/manager"
        },
        {
          "name": "syft:metadata:architecture",
          "value": "amd64"
        },
        {
          "name": "syft:metadata:goCompiledVersion",
          "value": "go1.22.4"
        },
        {
          "name": "syft:metadata:h1Digest",
          "value": "h1:xBagoLtFs94CBntxluKeaWgTMpvLxC4ur3nMaC9Gz0M="
        }
      ]
    },
    {
      "bom-ref": "pkg:golang/github.com/mongodb-forks/digest@v1.1.0?package-id=ac8c9f15002bda97",
      "type": "library",
      "name": "github.com/mongodb-forks/digest",
      "version": "v1.1.0",
      "cpe": "cpe:2.3:a:mongodb-forks:digest:v1.1.0:*:*:*:*:*:*:*",
      "purl": "pkg:golang/github.com/mongodb-forks/digest@v1.1.0",
      "properties": [
        {
          "name": "syft:package:foundBy",
          "value": "go-module-binary-cataloger"
        },
        {
          "name": "syft:package:language",
          "value": "go"
        },
        {
          "name": "syft:package:metadataType",
          "value": "GolangBinMetadata"
        },
        {
          "name": "syft:package:type",
          "value": "go-module"
        },
        {
          "name": "syft:cpe23",
          "value": "cpe:2.3:a:mongodb_forks:digest:v1.1.0:*:*:*:*:*:*:*"
        },
        {
          "name": "syft:cpe23",
          "value": "cpe:2.3:a:mongodb:digest:v1.1.0:*:*:*:*:*:*:*"
        },
        {
          "name": "syft:location:0:layerID",
          "value": "sha256:7aaee31f61bd806c7dc9e121d16a177022de840f3a66fa7dd8ff7950d8af43f0"
        },
        {
          "name": "syft:location:0:path",
          "value": "/manager"
        },
        {
          "name": "syft:metadata:architecture",
          "value": "amd64"
        },
        {
          "name": "syft:metadata:goCompiledVersion",
          "value": "go1.22.4"
        },
        {
          "name": "syft:metadata:h1Digest",
          "value": "h1:7eUdsR1BtqLv0mdNm4OXs6ddWvR4X2/OsLwdKksrOoc="
        }
      ]
    },
    {
      "bom-ref": "pkg:golang/github.com/mongodb/mongodb-atlas-kubernetes/v2@(devel)?package-id=98b363c719eab0ce",
      "type": "library",
      "name": "github.com/mongodb/mongodb-atlas-kubernetes/v2",
      "version": "(devel)",
      "cpe": "cpe:2.3:a:mongodb:mongodb-atlas-kubernetes\\/v2:\\(devel\\):*:*:*:*:*:*:*",
      "purl": "pkg:golang/github.com/mongodb/mongodb-atlas-kubernetes/v2@(devel)",
      "properties": [
        {
          "name": "syft:package:foundBy",
          "value": "go-module-binary-cataloger"
        },
        {
          "name": "syft:package:language",
          "value": "go"
        },
        {
          "name": "syft:package:metadataType",
          "value": "GolangBinMetadata"
        },
        {
          "name": "syft:package:type",
          "value": "go-module"
        },
        {
          "name": "syft:cpe23",
          "value": "cpe:2.3:a:mongodb:mongodb_atlas_kubernetes\\/v2:\\(devel\\):*:*:*:*:*:*:*"
        },
        {
          "name": "syft:location:0:layerID",
          "value": "sha256:7aaee31f61bd806c7dc9e121d16a177022de840f3a66fa7dd8ff7950d8af43f0"
        },
        {
          "name": "syft:location:0:path",
          "value": "/manager"
        },
        {
          "name": "syft:metadata:architecture",
          "value": "amd64"
        },
        {
          "name": "syft:metadata:goCompiledVersion",
          "value": "go1.22.4"
        }
      ]
    },
    {
      "bom-ref": "pkg:golang/github.com/munnerz/goautoneg@v0.0.0-20191010083416-a7dc8b61c822?package-id=1ddd949ee2dcd458",
      "type": "library",
      "name": "github.com/munnerz/goautoneg",
      "version": "v0.0.0-20191010083416-a7dc8b61c822",
      "cpe": "cpe:2.3:a:munnerz:goautoneg:v0.0.0-20191010083416-a7dc8b61c822:*:*:*:*:*:*:*",
      "purl": "pkg:golang/github.com/munnerz/goautoneg@v0.0.0-20191010083416-a7dc8b61c822",
      "properties": [
        {
          "name": "syft:package:foundBy",
          "value": "go-module-binary-cataloger"
        },
        {
          "name": "syft:package:language",
          "value": "go"
        },
        {
          "name": "syft:package:metadataType",
          "value": "GolangBinMetadata"
        },
        {
          "name": "syft:package:type",
          "value": "go-module"
        },
        {
          "name": "syft:location:0:layerID",
          "value": "sha256:7aaee31f61bd806c7dc9e121d16a177022de840f3a66fa7dd8ff7950d8af43f0"
        },
        {
          "name": "syft:location:0:path",
          "value": "/manager"
        },
        {
          "name": "syft:metadata:architecture",
          "value": "amd64"
        },
        {
          "name": "syft:metadata:goCompiledVersion",
          "value": "go1.22.4"
        },
        {
          "name": "syft:metadata:h1Digest",
          "value": "h1:C3w9PqII01/Oq1c1nUAm88MOHcQC9l5mIlSMApZMrHA="
        }
      ]
    },
    {
      "bom-ref": "pkg:golang/github.com/pkg/errors@v0.9.1?package-id=66a2773327d38240",
      "type": "library",
      "name": "github.com/pkg/errors",
      "version": "v0.9.1",
      "cpe": "cpe:2.3:a:pkg:errors:v0.9.1:*:*:*:*:*:*:*",
      "purl": "pkg:golang/github.com/pkg/errors@v0.9.1",
      "properties": [
        {
          "name": "syft:package:foundBy",
          "value": "go-module-binary-cataloger"
        },
        {
          "name": "syft:package:language",
          "value": "go"
        },
        {
          "name": "syft:package:metadataType",
          "value": "GolangBinMetadata"
        },
        {
          "name": "syft:package:type",
          "value": "go-module"
        },
        {
          "name": "syft:location:0:layerID",
          "value": "sha256:7aaee31f61bd806c7dc9e121d16a177022de840f3a66fa7dd8ff7950d8af43f0"
        },
        {
          "name": "syft:location:0:path",
          "value": "/manager"
        },
        {
          "name": "syft:metadata:architecture",
          "value": "amd64"
        },
        {
          "name": "syft:metadata:goCompiledVersion",
          "value": "go1.22.4"
        },
        {
          "name": "syft:metadata:h1Digest",
          "value": "h1:FEBLx1zS214owpjy7qsBeixbURkuhQAwrK5UwLGTwt4="
        }
      ]
    },
    {
      "bom-ref": "pkg:golang/github.com/prometheus/client_golang@v1.18.0?package-id=1c329c0c51ea9529",
      "type": "library",
      "name": "github.com/prometheus/client_golang",
      "version": "v1.18.0",
      "cpe": "cpe:2.3:a:prometheus:client-golang:v1.18.0:*:*:*:*:*:*:*",
      "purl": "pkg:golang/github.com/prometheus/client_golang@v1.18.0",
      "properties": [
        {
          "name": "syft:package:foundBy",
          "value": "go-module-binary-cataloger"
        },
        {
          "name": "syft:package:language",
          "value": "go"
        },
        {
          "name": "syft:package:metadataType",
          "value": "GolangBinMetadata"
        },
        {
          "name": "syft:package:type",
          "value": "go-module"
        },
        {
          "name": "syft:cpe23",
          "value": "cpe:2.3:a:prometheus:client_golang:v1.18.0:*:*:*:*:*:*:*"
        },
        {
          "name": "syft:location:0:layerID",
          "value": "sha256:7aaee31f61bd806c7dc9e121d16a177022de840f3a66fa7dd8ff7950d8af43f0"
        },
        {
          "name": "syft:location:0:path",
          "value": "/manager"
        },
        {
          "name": "syft:metadata:architecture",
          "value": "amd64"
        },
        {
          "name": "syft:metadata:goCompiledVersion",
          "value": "go1.22.4"
        },
        {
          "name": "syft:metadata:h1Digest",
          "value": "h1:HzFfmkOzH5Q8L8G+kSJKUx5dtG87sewO+FoDDqP5Tbk="
        }
      ]
    },
    {
      "bom-ref": "pkg:golang/github.com/prometheus/client_model@v0.5.0?package-id=b9e62a76f500754f",
      "type": "library",
      "name": "github.com/prometheus/client_model",
      "version": "v0.5.0",
      "cpe": "cpe:2.3:a:prometheus:client-model:v0.5.0:*:*:*:*:*:*:*",
      "purl": "pkg:golang/github.com/prometheus/client_model@v0.5.0",
      "properties": [
        {
          "name": "syft:package:foundBy",
          "value": "go-module-binary-cataloger"
        },
        {
          "name": "syft:package:language",
          "value": "go"
        },
        {
          "name": "syft:package:metadataType",
          "value": "GolangBinMetadata"
        },
        {
          "name": "syft:package:type",
          "value": "go-module"
        },
        {
          "name": "syft:cpe23",
          "value": "cpe:2.3:a:prometheus:client_model:v0.5.0:*:*:*:*:*:*:*"
        },
        {
          "name": "syft:location:0:layerID",
          "value": "sha256:7aaee31f61bd806c7dc9e121d16a177022de840f3a66fa7dd8ff7950d8af43f0"
        },
        {
          "name": "syft:location:0:path",
          "value": "/manager"
        },
        {
          "name": "syft:metadata:architecture",
          "value": "amd64"
        },
        {
          "name": "syft:metadata:goCompiledVersion",
          "value": "go1.22.4"
        },
        {
          "name": "syft:metadata:h1Digest",
          "value": "h1:VQw1hfvPvk3Uv6Qf29VrPF32JB6rtbgI6cYPYQjL0Qw="
        }
      ]
    },
    {
      "bom-ref": "pkg:golang/github.com/prometheus/common@v0.45.0?package-id=77d979720ea8ad1c",
      "type": "library",
      "name": "github.com/prometheus/common",
      "version": "v0.45.0",
      "cpe": "cpe:2.3:a:prometheus:common:v0.45.0:*:*:*:*:*:*:*",
      "purl": "pkg:golang/github.com/prometheus/common@v0.45.0",
      "properties": [
        {
          "name": "syft:package:foundBy",
          "value": "go-module-binary-cataloger"
        },
        {
          "name": "syft:package:language",
          "value": "go"
        },
        {
          "name": "syft:package:metadataType",
          "value": "GolangBinMetadata"
        },
        {
          "name": "syft:package:type",
          "value": "go-module"
        },
        {
          "name": "syft:location:0:layerID",
          "value": "sha256:7aaee31f61bd806c7dc9e121d16a177022de840f3a66fa7dd8ff7950d8af43f0"
        },
        {
          "name": "syft:location:0:path",
          "value": "/manager"
        },
        {
          "name": "syft:metadata:architecture",
          "value": "amd64"
        },
        {
          "name": "syft:metadata:goCompiledVersion",
          "value": "go1.22.4"
        },
        {
          "name": "syft:metadata:h1Digest",
          "value": "h1:2BGz0eBc2hdMDLnO/8n0jeB3oPrt2D08CekT0lneoxM="
        }
      ]
    },
    {
      "bom-ref": "pkg:golang/github.com/prometheus/procfs@v0.12.0?package-id=493615de202c24f9",
      "type": "library",
      "name": "github.com/prometheus/procfs",
      "version": "v0.12.0",
      "cpe": "cpe:2.3:a:prometheus:procfs:v0.12.0:*:*:*:*:*:*:*",
      "purl": "pkg:golang/github.com/prometheus/procfs@v0.12.0",
      "properties": [
        {
          "name": "syft:package:foundBy",
          "value": "go-module-binary-cataloger"
        },
        {
          "name": "syft:package:language",
          "value": "go"
        },
        {
          "name": "syft:package:metadataType",
          "value": "GolangBinMetadata"
        },
        {
          "name": "syft:package:type",
          "value": "go-module"
        },
        {
          "name": "syft:location:0:layerID",
          "value": "sha256:7aaee31f61bd806c7dc9e121d16a177022de840f3a66fa7dd8ff7950d8af43f0"
        },
        {
          "name": "syft:location:0:path",
          "value": "/manager"
        },
        {
          "name": "syft:metadata:architecture",
          "value": "amd64"
        },
        {
          "name": "syft:metadata:goCompiledVersion",
          "value": "go1.22.4"
        },
        {
          "name": "syft:metadata:h1Digest",
          "value": "h1:jluTpSng7V9hY0O2R9DzzJHYb2xULk9VTR1V1R/k6Bo="
        }
      ]
    },
    {
      "bom-ref": "pkg:golang/github.com/spf13/pflag@v1.0.5?package-id=c8373cc3becdad37",
      "type": "library",
      "name": "github.com/spf13/pflag",
      "version": "v1.0.5",
      "cpe": "cpe:2.3:a:spf13:pflag:v1.0.5:*:*:*:*:*:*:*",
      "purl": "pkg:golang/github.com/spf13/pflag@v1.0.5",
      "properties": [
        {
          "name": "syft:package:foundBy",
          "value": "go-module-binary-cataloger"
        },
        {
          "name": "syft:package:language",
          "value": "go"
        },
        {
          "name": "syft:package:metadataType",
          "value": "GolangBinMetadata"
        },
        {
          "name": "syft:package:type",
          "value": "go-module"
        },
        {
          "name": "syft:location:0:layerID",
          "value": "sha256:7aaee31f61bd806c7dc9e121d16a177022de840f3a66fa7dd8ff7950d8af43f0"
        },
        {
          "name": "syft:location:0:path",
          "value": "/manager"
        },
        {
          "name": "syft:metadata:architecture",
          "value": "amd64"
        },
        {
          "name": "syft:metadata:goCompiledVersion",
          "value": "go1.22.4"
        },
        {
          "name": "syft:metadata:h1Digest",
          "value": "h1:iy+VFUOCP1a+8yFto/drg2CJ5u0yRoB7fZw3DKv/JXA="
        }
      ]
    },
    {
      "bom-ref": "pkg:golang/go.mongodb.org/atlas@v0.36.0?package-id=9687c11d20f5ef22",
      "type": "library",
      "name": "go.mongodb.org/atlas",
      "version": "v0.36.0",
      "purl": "pkg:golang/go.mongodb.org/atlas@v0.36.0",
      "properties": [
        {
          "name": "syft:package:foundBy",
          "value": "go-module-binary-cataloger"
        },
        {
          "name": "syft:package:language",
          "value": "go"
        },
        {
          "name": "syft:package:metadataType",
          "value": "GolangBinMetadata"
        },
        {
          "name": "syft:package:type",
          "value": "go-module"
        },
        {
          "name": "syft:location:0:layerID",
          "value": "sha256:7aaee31f61bd806c7dc9e121d16a177022de840f3a66fa7dd8ff7950d8af43f0"
        },
        {
          "name": "syft:location:0:path",
          "value": "/manager"
        },
        {
          "name": "syft:metadata:architecture",
          "value": "amd64"
        },
        {
          "name": "syft:metadata:goCompiledVersion",
          "value": "go1.22.4"
        },
        {
          "name": "syft:metadata:h1Digest",
          "value": "h1:m05S3AO7zkl+bcG1qaNsEKBnAqnKx2FDwLooHpIG3j4="
        }
      ]
    },
    {
      "bom-ref": "pkg:golang/go.mongodb.org/atlas-sdk/v20231115008@v20231115008.5.0?package-id=f2cc971baf5da4a1",
      "type": "library",
      "name": "go.mongodb.org/atlas-sdk/v20231115008",
      "version": "v20231115008.5.0",
      "cpe": "cpe:2.3:a:atlas-sdk:v20231115008:v20231115008.5.0:*:*:*:*:*:*:*",
      "purl": "pkg:golang/go.mongodb.org/atlas-sdk/v20231115008@v20231115008.5.0",
      "properties": [
        {
          "name": "syft:package:foundBy",
          "value": "go-module-binary-cataloger"
        },
        {
          "name": "syft:package:language",
          "value": "go"
        },
        {
          "name": "syft:package:metadataType",
          "value": "GolangBinMetadata"
        },
        {
          "name": "syft:package:type",
          "value": "go-module"
        },
        {
          "name": "syft:cpe23",
          "value": "cpe:2.3:a:atlas_sdk:v20231115008:v20231115008.5.0:*:*:*:*:*:*:*"
        },
        {
          "name": "syft:cpe23",
          "value": "cpe:2.3:a:atlas:v20231115008:v20231115008.5.0:*:*:*:*:*:*:*"
        },
        {
          "name": "syft:location:0:layerID",
          "value": "sha256:7aaee31f61bd806c7dc9e121d16a177022de840f3a66fa7dd8ff7950d8af43f0"
        },
        {
          "name": "syft:location:0:path",
          "value": "/manager"
        },
        {
          "name": "syft:metadata:architecture",
          "value": "amd64"
        },
        {
          "name": "syft:metadata:goCompiledVersion",
          "value": "go1.22.4"
        },
        {
          "name": "syft:metadata:h1Digest",
          "value": "h1:OuV1HfIpZUZa4+BKvtrvDlNqnilkCkdHspuZok6KAbM="
        }
      ]
    },
    {
      "bom-ref": "pkg:golang/go.uber.org/multierr@v1.11.0?package-id=117b9214b37014c2",
      "type": "library",
      "name": "go.uber.org/multierr",
      "version": "v1.11.0",
      "purl": "pkg:golang/go.uber.org/multierr@v1.11.0",
      "properties": [
        {
          "name": "syft:package:foundBy",
          "value": "go-module-binary-cataloger"
        },
        {
          "name": "syft:package:language",
          "value": "go"
        },
        {
          "name": "syft:package:metadataType",
          "value": "GolangBinMetadata"
        },
        {
          "name": "syft:package:type",
          "value": "go-module"
        },
        {
          "name": "syft:location:0:layerID",
          "value": "sha256:7aaee31f61bd806c7dc9e121d16a177022de840f3a66fa7dd8ff7950d8af43f0"
        },
        {
          "name": "syft:location:0:path",
          "value": "/manager"
        },
        {
          "name": "syft:metadata:architecture",
          "value": "amd64"
        },
        {
          "name": "syft:metadata:goCompiledVersion",
          "value": "go1.22.4"
        },
        {
          "name": "syft:metadata:h1Digest",
          "value": "h1:blXXJkSxSSfBVBlC76pxqeO+LN3aDfLQo+309xJstO0="
        }
      ]
    },
    {
      "bom-ref": "pkg:golang/go.uber.org/zap@v1.27.0?package-id=31951336187a1f0e",
      "type": "library",
      "name": "go.uber.org/zap",
      "version": "v1.27.0",
      "purl": "pkg:golang/go.uber.org/zap@v1.27.0",
      "properties": [
        {
          "name": "syft:package:foundBy",
          "value": "go-module-binary-cataloger"
        },
        {
          "name": "syft:package:language",
          "value": "go"
        },
        {
          "name": "syft:package:metadataType",
          "value": "GolangBinMetadata"
        },
        {
          "name": "syft:package:type",
          "value": "go-module"
        },
        {
          "name": "syft:location:0:layerID",
          "value": "sha256:7aaee31f61bd806c7dc9e121d16a177022de840f3a66fa7dd8ff7950d8af43f0"
        },
        {
          "name": "syft:location:0:path",
          "value": "/manager"
        },
        {
          "name": "syft:metadata:architecture",
          "value": "amd64"
        },
        {
          "name": "syft:metadata:goCompiledVersion",
          "value": "go1.22.4"
        },
        {
          "name": "syft:metadata:h1Digest",
          "value": "h1:aJMhYGrd5QSmlpLMr2MftRKl7t8J8PTZPA732ud/XR8="
        }
      ]
    },
    {
      "bom-ref": "pkg:golang/golang.org/x/exp@v0.0.0-20230522175609-2e198f4a06a1?package-id=65099bc655faf369",
      "type": "library",
      "name": "golang.org/x/exp",
      "version": "v0.0.0-20230522175609-2e198f4a06a1",
      "cpe": "cpe:2.3:a:golang:x\\/exp:v0.0.0-20230522175609-2e198f4a06a1:*:*:*:*:*:*:*",
      "purl": "pkg:golang/golang.org/x/exp@v0.0.0-20230522175609-2e198f4a06a1",
      "properties": [
        {
          "name": "syft:package:foundBy",
          "value": "go-module-binary-cataloger"
        },
        {
          "name": "syft:package:language",
          "value": "go"
        },
        {
          "name": "syft:package:metadataType",
          "value": "GolangBinMetadata"
        },
        {
          "name": "syft:package:type",
          "value": "go-module"
        },
        {
          "name": "syft:location:0:layerID",
          "value": "sha256:7aaee31f61bd806c7dc9e121d16a177022de840f3a66fa7dd8ff7950d8af43f0"
        },
        {
          "name": "syft:location:0:path",
          "value": "/manager"
        },
        {
          "name": "syft:metadata:architecture",
          "value": "amd64"
        },
        {
          "name": "syft:metadata:goCompiledVersion",
          "value": "go1.22.4"
        },
        {
          "name": "syft:metadata:h1Digest",
          "value": "h1:k/i9J1pBpvlfR+9QsetwPyERsqu1GIbi967PQMq3Ivc="
        }
      ]
    },
    {
      "bom-ref": "pkg:golang/golang.org/x/net@v0.25.0?package-id=663f6cf801c17a7a",
      "type": "library",
      "name": "golang.org/x/net",
      "version": "v0.25.0",
      "cpe": "cpe:2.3:a:golang:x\\/net:v0.25.0:*:*:*:*:*:*:*",
      "purl": "pkg:golang/golang.org/x/net@v0.25.0",
      "properties": [
        {
          "name": "syft:package:foundBy",
          "value": "go-module-binary-cataloger"
        },
        {
          "name": "syft:package:language",
          "value": "go"
        },
        {
          "name": "syft:package:metadataType",
          "value": "GolangBinMetadata"
        },
        {
          "name": "syft:package:type",
          "value": "go-module"
        },
        {
          "name": "syft:location:0:layerID",
          "value": "sha256:7aaee31f61bd806c7dc9e121d16a177022de840f3a66fa7dd8ff7950d8af43f0"
        },
        {
          "name": "syft:location:0:path",
          "value": "/manager"
        },
        {
          "name": "syft:metadata:architecture",
          "value": "amd64"
        },
        {
          "name": "syft:metadata:goCompiledVersion",
          "value": "go1.22.4"
        },
        {
          "name": "syft:metadata:h1Digest",
          "value": "h1:d/OCCoBEUq33pjydKrGQhw7IlUPI2Oylr+8qLx49kac="
        }
      ]
    },
    {
      "bom-ref": "pkg:golang/golang.org/x/oauth2@v0.20.0?package-id=9bd54858dd3f1b76",
      "type": "library",
      "name": "golang.org/x/oauth2",
      "version": "v0.20.0",
      "cpe": "cpe:2.3:a:golang:x\\/oauth2:v0.20.0:*:*:*:*:*:*:*",
      "purl": "pkg:golang/golang.org/x/oauth2@v0.20.0",
      "properties": [
        {
          "name": "syft:package:foundBy",
          "value": "go-module-binary-cataloger"
        },
        {
          "name": "syft:package:language",
          "value": "go"
        },
        {
          "name": "syft:package:metadataType",
          "value": "GolangBinMetadata"
        },
        {
          "name": "syft:package:type",
          "value": "go-module"
        },
        {
          "name": "syft:location:0:layerID",
          "value": "sha256:7aaee31f61bd806c7dc9e121d16a177022de840f3a66fa7dd8ff7950d8af43f0"
        },
        {
          "name": "syft:location:0:path",
          "value": "/manager"
        },
        {
          "name": "syft:metadata:architecture",
          "value": "amd64"
        },
        {
          "name": "syft:metadata:goCompiledVersion",
          "value": "go1.22.4"
        },
        {
          "name": "syft:metadata:h1Digest",
          "value": "h1:4mQdhULixXKP1rwYBW0vAijoXnkTG0BLCDRzfe1idMo="
        }
      ]
    },
    {
      "bom-ref": "pkg:golang/golang.org/x/sync@v0.7.0?package-id=4861d6ffbcbccff4",
      "type": "library",
      "name": "golang.org/x/sync",
      "version": "v0.7.0",
      "cpe": "cpe:2.3:a:golang:x\\/sync:v0.7.0:*:*:*:*:*:*:*",
      "purl": "pkg:golang/golang.org/x/sync@v0.7.0",
      "properties": [
        {
          "name": "syft:package:foundBy",
          "value": "go-module-binary-cataloger"
        },
        {
          "name": "syft:package:language",
          "value": "go"
        },
        {
          "name": "syft:package:metadataType",
          "value": "GolangBinMetadata"
        },
        {
          "name": "syft:package:type",
          "value": "go-module"
        },
        {
          "name": "syft:location:0:layerID",
          "value": "sha256:7aaee31f61bd806c7dc9e121d16a177022de840f3a66fa7dd8ff7950d8af43f0"
        },
        {
          "name": "syft:location:0:path",
          "value": "/manager"
        },
        {
          "name": "syft:metadata:architecture",
          "value": "amd64"
        },
        {
          "name": "syft:metadata:goCompiledVersion",
          "value": "go1.22.4"
        },
        {
          "name": "syft:metadata:h1Digest",
          "value": "h1:YsImfSBoP9QPYL0xyKJPq0gcaJdG3rInoqxTWbfQu9M="
        }
      ]
    },
    {
      "bom-ref": "pkg:golang/golang.org/x/sys@v0.20.0?package-id=96727441698d2ac9",
      "type": "library",
      "name": "golang.org/x/sys",
      "version": "v0.20.0",
      "cpe": "cpe:2.3:a:golang:x\\/sys:v0.20.0:*:*:*:*:*:*:*",
      "purl": "pkg:golang/golang.org/x/sys@v0.20.0",
      "properties": [
        {
          "name": "syft:package:foundBy",
          "value": "go-module-binary-cataloger"
        },
        {
          "name": "syft:package:language",
          "value": "go"
        },
        {
          "name": "syft:package:metadataType",
          "value": "GolangBinMetadata"
        },
        {
          "name": "syft:package:type",
          "value": "go-module"
        },
        {
          "name": "syft:location:0:layerID",
          "value": "sha256:7aaee31f61bd806c7dc9e121d16a177022de840f3a66fa7dd8ff7950d8af43f0"
        },
        {
          "name": "syft:location:0:path",
          "value": "/manager"
        },
        {
          "name": "syft:metadata:architecture",
          "value": "amd64"
        },
        {
          "name": "syft:metadata:goCompiledVersion",
          "value": "go1.22.4"
        },
        {
          "name": "syft:metadata:h1Digest",
          "value": "h1:Od9JTbYCk261bKm4M/mw7AklTlFYIa0bIp9BgSm1S8Y="
        }
      ]
    },
    {
      "bom-ref": "pkg:golang/golang.org/x/term@v0.20.0?package-id=c7c5c203fb3a9235",
      "type": "library",
      "name": "golang.org/x/term",
      "version": "v0.20.0",
      "cpe": "cpe:2.3:a:golang:x\\/term:v0.20.0:*:*:*:*:*:*:*",
      "purl": "pkg:golang/golang.org/x/term@v0.20.0",
      "properties": [
        {
          "name": "syft:package:foundBy",
          "value": "go-module-binary-cataloger"
        },
        {
          "name": "syft:package:language",
          "value": "go"
        },
        {
          "name": "syft:package:metadataType",
          "value": "GolangBinMetadata"
        },
        {
          "name": "syft:package:type",
          "value": "go-module"
        },
        {
          "name": "syft:location:0:layerID",
          "value": "sha256:7aaee31f61bd806c7dc9e121d16a177022de840f3a66fa7dd8ff7950d8af43f0"
        },
        {
          "name": "syft:location:0:path",
          "value": "/manager"
        },
        {
          "name": "syft:metadata:architecture",
          "value": "amd64"
        },
        {
          "name": "syft:metadata:goCompiledVersion",
          "value": "go1.22.4"
        },
        {
          "name": "syft:metadata:h1Digest",
          "value": "h1:VnkxpohqXaOBYJtBmEppKUG6mXpi+4O6purfc2+sMhw="
        }
      ]
    },
    {
      "bom-ref": "pkg:golang/golang.org/x/text@v0.15.0?package-id=e0acd91ab7cdb0e2",
      "type": "library",
      "name": "golang.org/x/text",
      "version": "v0.15.0",
      "cpe": "cpe:2.3:a:golang:x\\/text:v0.15.0:*:*:*:*:*:*:*",
      "purl": "pkg:golang/golang.org/x/text@v0.15.0",
      "properties": [
        {
          "name": "syft:package:foundBy",
          "value": "go-module-binary-cataloger"
        },
        {
          "name": "syft:package:language",
          "value": "go"
        },
        {
          "name": "syft:package:metadataType",
          "value": "GolangBinMetadata"
        },
        {
          "name": "syft:package:type",
          "value": "go-module"
        },
        {
          "name": "syft:location:0:layerID",
          "value": "sha256:7aaee31f61bd806c7dc9e121d16a177022de840f3a66fa7dd8ff7950d8af43f0"
        },
        {
          "name": "syft:location:0:path",
          "value": "/manager"
        },
        {
          "name": "syft:metadata:architecture",
          "value": "amd64"
        },
        {
          "name": "syft:metadata:goCompiledVersion",
          "value": "go1.22.4"
        },
        {
          "name": "syft:metadata:h1Digest",
          "value": "h1:h1V/4gjBv8v9cjcR6+AR5+/cIYK5N/WAgiv4xlsEtAk="
        }
      ]
    },
    {
      "bom-ref": "pkg:golang/golang.org/x/time@v0.5.0?package-id=a18f73e5730d0435",
      "type": "library",
      "name": "golang.org/x/time",
      "version": "v0.5.0",
      "cpe": "cpe:2.3:a:golang:x\\/time:v0.5.0:*:*:*:*:*:*:*",
      "purl": "pkg:golang/golang.org/x/time@v0.5.0",
      "properties": [
        {
          "name": "syft:package:foundBy",
          "value": "go-module-binary-cataloger"
        },
        {
          "name": "syft:package:language",
          "value": "go"
        },
        {
          "name": "syft:package:metadataType",
          "value": "GolangBinMetadata"
        },
        {
          "name": "syft:package:type",
          "value": "go-module"
        },
        {
          "name": "syft:location:0:layerID",
          "value": "sha256:7aaee31f61bd806c7dc9e121d16a177022de840f3a66fa7dd8ff7950d8af43f0"
        },
        {
          "name": "syft:location:0:path",
          "value": "/manager"
        },
        {
          "name": "syft:metadata:architecture",
          "value": "amd64"
        },
        {
          "name": "syft:metadata:goCompiledVersion",
          "value": "go1.22.4"
        },
        {
          "name": "syft:metadata:h1Digest",
          "value": "h1:o7cqy6amK/52YcAKIPlM3a+Fpj35zvRj2TP+e1xFSfk="
        }
      ]
    },
    {
      "bom-ref": "pkg:golang/gomodules.xyz/jsonpatch/v2@v2.4.0?package-id=ff1f33b1864b000b",
      "type": "library",
      "name": "gomodules.xyz/jsonpatch/v2",
      "version": "v2.4.0",
      "cpe": "cpe:2.3:a:jsonpatch:v2:v2.4.0:*:*:*:*:*:*:*",
      "purl": "pkg:golang/gomodules.xyz/jsonpatch/v2@v2.4.0",
      "properties": [
        {
          "name": "syft:package:foundBy",
          "value": "go-module-binary-cataloger"
        },
        {
          "name": "syft:package:language",
          "value": "go"
        },
        {
          "name": "syft:package:metadataType",
          "value": "GolangBinMetadata"
        },
        {
          "name": "syft:package:type",
          "value": "go-module"
        },
        {
          "name": "syft:location:0:layerID",
          "value": "sha256:7aaee31f61bd806c7dc9e121d16a177022de840f3a66fa7dd8ff7950d8af43f0"
        },
        {
          "name": "syft:location:0:path",
          "value": "/manager"
        },
        {
          "name": "syft:metadata:architecture",
          "value": "amd64"
        },
        {
          "name": "syft:metadata:goCompiledVersion",
          "value": "go1.22.4"
        },
        {
          "name": "syft:metadata:h1Digest",
          "value": "h1:Ci3iUJyx9UeRx7CeFN8ARgGbkESwJK+KB9lLcWxY/Zw="
        }
      ]
    },
    {
      "bom-ref": "pkg:golang/google.golang.org/protobuf@v1.34.1?package-id=144204c4168c661c",
      "type": "library",
      "name": "google.golang.org/protobuf",
      "version": "v1.34.1",
      "cpe": "cpe:2.3:a:google:protobuf:v1.34.1:*:*:*:*:*:*:*",
      "purl": "pkg:golang/google.golang.org/protobuf@v1.34.1",
      "properties": [
        {
          "name": "syft:package:foundBy",
          "value": "go-module-binary-cataloger"
        },
        {
          "name": "syft:package:language",
          "value": "go"
        },
        {
          "name": "syft:package:metadataType",
          "value": "GolangBinMetadata"
        },
        {
          "name": "syft:package:type",
          "value": "go-module"
        },
        {
          "name": "syft:location:0:layerID",
          "value": "sha256:7aaee31f61bd806c7dc9e121d16a177022de840f3a66fa7dd8ff7950d8af43f0"
        },
        {
          "name": "syft:location:0:path",
          "value": "/manager"
        },
        {
          "name": "syft:metadata:architecture",
          "value": "amd64"
        },
        {
          "name": "syft:metadata:goCompiledVersion",
          "value": "go1.22.4"
        },
        {
          "name": "syft:metadata:h1Digest",
          "value": "h1:9ddQBjfCyZPOHPUiPxpYESBLc+T8P3E+Vo4IbKZgFWg="
        }
      ]
    },
    {
      "bom-ref": "pkg:golang/gopkg.in/inf.v0@v0.9.1?package-id=4a9bb33f789da784",
      "type": "library",
      "name": "gopkg.in/inf.v0",
      "version": "v0.9.1",
      "purl": "pkg:golang/gopkg.in/inf.v0@v0.9.1",
      "properties": [
        {
          "name": "syft:package:foundBy",
          "value": "go-module-binary-cataloger"
        },
        {
          "name": "syft:package:language",
          "value": "go"
        },
        {
          "name": "syft:package:metadataType",
          "value": "GolangBinMetadata"
        },
        {
          "name": "syft:package:type",
          "value": "go-module"
        },
        {
          "name": "syft:location:0:layerID",
          "value": "sha256:7aaee31f61bd806c7dc9e121d16a177022de840f3a66fa7dd8ff7950d8af43f0"
        },
        {
          "name": "syft:location:0:path",
          "value": "/manager"
        },
        {
          "name": "syft:metadata:architecture",
          "value": "amd64"
        },
        {
          "name": "syft:metadata:goCompiledVersion",
          "value": "go1.22.4"
        },
        {
          "name": "syft:metadata:h1Digest",
          "value": "h1:73M5CoZyi3ZLMOyDlQh031Cx6N9NDJ2Vvfl76EDAgDc="
        }
      ]
    },
    {
      "bom-ref": "pkg:golang/gopkg.in/yaml.v2@v2.4.0?package-id=8f76ae37904362b3",
      "type": "library",
      "name": "gopkg.in/yaml.v2",
      "version": "v2.4.0",
      "purl": "pkg:golang/gopkg.in/yaml.v2@v2.4.0",
      "properties": [
        {
          "name": "syft:package:foundBy",
          "value": "go-module-binary-cataloger"
        },
        {
          "name": "syft:package:language",
          "value": "go"
        },
        {
          "name": "syft:package:metadataType",
          "value": "GolangBinMetadata"
        },
        {
          "name": "syft:package:type",
          "value": "go-module"
        },
        {
          "name": "syft:location:0:layerID",
          "value": "sha256:7aaee31f61bd806c7dc9e121d16a177022de840f3a66fa7dd8ff7950d8af43f0"
        },
        {
          "name": "syft:location:0:path",
          "value": "/manager"
        },
        {
          "name": "syft:metadata:architecture",
          "value": "amd64"
        },
        {
          "name": "syft:metadata:goCompiledVersion",
          "value": "go1.22.4"
        },
        {
          "name": "syft:metadata:h1Digest",
          "value": "h1:D8xgwECY7CYvx+Y2n4sBz93Jn9JRvxdiyyo8CTfuKaY="
        }
      ]
    },
    {
      "bom-ref": "pkg:golang/gopkg.in/yaml.v3@v3.0.1?package-id=4fd3f23a567c1e7b",
      "type": "library",
      "name": "gopkg.in/yaml.v3",
      "version": "v3.0.1",
      "purl": "pkg:golang/gopkg.in/yaml.v3@v3.0.1",
      "properties": [
        {
          "name": "syft:package:foundBy",
          "value": "go-module-binary-cataloger"
        },
        {
          "name": "syft:package:language",
          "value": "go"
        },
        {
          "name": "syft:package:metadataType",
          "value": "GolangBinMetadata"
        },
        {
          "name": "syft:package:type",
          "value": "go-module"
        },
        {
          "name": "syft:location:0:layerID",
          "value": "sha256:7aaee31f61bd806c7dc9e121d16a177022de840f3a66fa7dd8ff7950d8af43f0"
        },
        {
          "name": "syft:location:0:path",
          "value": "/manager"
        },
        {
          "name": "syft:metadata:architecture",
          "value": "amd64"
        },
        {
          "name": "syft:metadata:goCompiledVersion",
          "value": "go1.22.4"
        },
        {
          "name": "syft:metadata:h1Digest",
          "value": "h1:fxVm/GzAzEWqLHuvctI91KS9hhNmmWOoWu0XTYJS7CA="
        }
      ]
    },
    {
      "bom-ref": "pkg:golang/k8s.io/api@v0.30.1?package-id=13421b63658296ef",
      "type": "library",
      "name": "k8s.io/api",
      "version": "v0.30.1",
      "purl": "pkg:golang/k8s.io/api@v0.30.1",
      "properties": [
        {
          "name": "syft:package:foundBy",
          "value": "go-module-binary-cataloger"
        },
        {
          "name": "syft:package:language",
          "value": "go"
        },
        {
          "name": "syft:package:metadataType",
          "value": "GolangBinMetadata"
        },
        {
          "name": "syft:package:type",
          "value": "go-module"
        },
        {
          "name": "syft:location:0:layerID",
          "value": "sha256:7aaee31f61bd806c7dc9e121d16a177022de840f3a66fa7dd8ff7950d8af43f0"
        },
        {
          "name": "syft:location:0:path",
          "value": "/manager"
        },
        {
          "name": "syft:metadata:architecture",
          "value": "amd64"
        },
        {
          "name": "syft:metadata:goCompiledVersion",
          "value": "go1.22.4"
        },
        {
          "name": "syft:metadata:h1Digest",
          "value": "h1:kCm/6mADMdbAxmIh0LBjS54nQBE+U4KmbCfIkF5CpJY="
        }
      ]
    },
    {
      "bom-ref": "pkg:golang/k8s.io/apiextensions-apiserver@v0.30.1?package-id=e2618f0703926aa1",
      "type": "library",
      "name": "k8s.io/apiextensions-apiserver",
      "version": "v0.30.1",
      "purl": "pkg:golang/k8s.io/apiextensions-apiserver@v0.30.1",
      "properties": [
        {
          "name": "syft:package:foundBy",
          "value": "go-module-binary-cataloger"
        },
        {
          "name": "syft:package:language",
          "value": "go"
        },
        {
          "name": "syft:package:metadataType",
          "value": "GolangBinMetadata"
        },
        {
          "name": "syft:package:type",
          "value": "go-module"
        },
        {
          "name": "syft:location:0:layerID",
          "value": "sha256:7aaee31f61bd806c7dc9e121d16a177022de840f3a66fa7dd8ff7950d8af43f0"
        },
        {
          "name": "syft:location:0:path",
          "value": "/manager"
        },
        {
          "name": "syft:metadata:architecture",
          "value": "amd64"
        },
        {
          "name": "syft:metadata:goCompiledVersion",
          "value": "go1.22.4"
        },
        {
          "name": "syft:metadata:h1Digest",
          "value": "h1:4fAJZ9985BmpJG6PkoxVRpXv9vmPUOVzl614xarePws="
        }
      ]
    },
    {
      "bom-ref": "pkg:golang/k8s.io/apimachinery@v0.30.1?package-id=9f4ed76f2c631492",
      "type": "library",
      "name": "k8s.io/apimachinery",
      "version": "v0.30.1",
      "purl": "pkg:golang/k8s.io/apimachinery@v0.30.1",
      "properties": [
        {
          "name": "syft:package:foundBy",
          "value": "go-module-binary-cataloger"
        },
        {
          "name": "syft:package:language",
          "value": "go"
        },
        {
          "name": "syft:package:metadataType",
          "value": "GolangBinMetadata"
        },
        {
          "name": "syft:package:type",
          "value": "go-module"
        },
        {
          "name": "syft:location:0:layerID",
          "value": "sha256:7aaee31f61bd806c7dc9e121d16a177022de840f3a66fa7dd8ff7950d8af43f0"
        },
        {
          "name": "syft:location:0:path",
          "value": "/manager"
        },
        {
          "name": "syft:metadata:architecture",
          "value": "amd64"
        },
        {
          "name": "syft:metadata:goCompiledVersion",
          "value": "go1.22.4"
        },
        {
          "name": "syft:metadata:h1Digest",
          "value": "h1:ZQStsEfo4n65yAdlGTfP/uSHMQSoYzU/oeEbkmF7P2U="
        }
      ]
    },
    {
      "bom-ref": "pkg:golang/k8s.io/client-go@v0.30.1?package-id=1376446a8597d385",
      "type": "library",
      "name": "k8s.io/client-go",
      "version": "v0.30.1",
      "purl": "pkg:golang/k8s.io/client-go@v0.30.1",
      "properties": [
        {
          "name": "syft:package:foundBy",
          "value": "go-module-binary-cataloger"
        },
        {
          "name": "syft:package:language",
          "value": "go"
        },
        {
          "name": "syft:package:metadataType",
          "value": "GolangBinMetadata"
        },
        {
          "name": "syft:package:type",
          "value": "go-module"
        },
        {
          "name": "syft:location:0:layerID",
          "value": "sha256:7aaee31f61bd806c7dc9e121d16a177022de840f3a66fa7dd8ff7950d8af43f0"
        },
        {
          "name": "syft:location:0:path",
          "value": "/manager"
        },
        {
          "name": "syft:metadata:architecture",
          "value": "amd64"
        },
        {
          "name": "syft:metadata:goCompiledVersion",
          "value": "go1.22.4"
        },
        {
          "name": "syft:metadata:h1Digest",
          "value": "h1:uC/Ir6A3R46wdkgCV3vbLyNOYyCJ8oZnjtJGKfytl/Q="
        }
      ]
    },
    {
      "bom-ref": "pkg:golang/k8s.io/klog/v2@v2.120.1?package-id=335b420dbb1017b6",
      "type": "library",
      "name": "k8s.io/klog/v2",
      "version": "v2.120.1",
      "cpe": "cpe:2.3:a:klog:v2:v2.120.1:*:*:*:*:*:*:*",
      "purl": "pkg:golang/k8s.io/klog/v2@v2.120.1",
      "properties": [
        {
          "name": "syft:package:foundBy",
          "value": "go-module-binary-cataloger"
        },
        {
          "name": "syft:package:language",
          "value": "go"
        },
        {
          "name": "syft:package:metadataType",
          "value": "GolangBinMetadata"
        },
        {
          "name": "syft:package:type",
          "value": "go-module"
        },
        {
          "name": "syft:location:0:layerID",
          "value": "sha256:7aaee31f61bd806c7dc9e121d16a177022de840f3a66fa7dd8ff7950d8af43f0"
        },
        {
          "name": "syft:location:0:path",
          "value": "/manager"
        },
        {
          "name": "syft:metadata:architecture",
          "value": "amd64"
        },
        {
          "name": "syft:metadata:goCompiledVersion",
          "value": "go1.22.4"
        },
        {
          "name": "syft:metadata:h1Digest",
          "value": "h1:QXU6cPEOIslTGvZaXvFWiP9VKyeet3sawzTOvdXb4Vw="
        }
      ]
    },
    {
      "bom-ref": "pkg:golang/k8s.io/kube-openapi@v0.0.0-20240228011516-70dd3763d340?package-id=31ca001efd51e523",
      "type": "library",
      "name": "k8s.io/kube-openapi",
      "version": "v0.0.0-20240228011516-70dd3763d340",
      "purl": "pkg:golang/k8s.io/kube-openapi@v0.0.0-20240228011516-70dd3763d340",
      "properties": [
        {
          "name": "syft:package:foundBy",
          "value": "go-module-binary-cataloger"
        },
        {
          "name": "syft:package:language",
          "value": "go"
        },
        {
          "name": "syft:package:metadataType",
          "value": "GolangBinMetadata"
        },
        {
          "name": "syft:package:type",
          "value": "go-module"
        },
        {
          "name": "syft:location:0:layerID",
          "value": "sha256:7aaee31f61bd806c7dc9e121d16a177022de840f3a66fa7dd8ff7950d8af43f0"
        },
        {
          "name": "syft:location:0:path",
          "value": "/manager"
        },
        {
          "name": "syft:metadata:architecture",
          "value": "amd64"
        },
        {
          "name": "syft:metadata:goCompiledVersion",
          "value": "go1.22.4"
        },
        {
          "name": "syft:metadata:h1Digest",
          "value": "h1:BZqlfIlq5YbRMFko6/PM7FjZpUb45WallggurYhKGag="
        }
      ]
    },
    {
      "bom-ref": "pkg:golang/k8s.io/utils@v0.0.0-20230726121419-3b25d923346b?package-id=1a7e89d8bce70d0e",
      "type": "library",
      "name": "k8s.io/utils",
      "version": "v0.0.0-20230726121419-3b25d923346b",
      "purl": "pkg:golang/k8s.io/utils@v0.0.0-20230726121419-3b25d923346b",
      "properties": [
        {
          "name": "syft:package:foundBy",
          "value": "go-module-binary-cataloger"
        },
        {
          "name": "syft:package:language",
          "value": "go"
        },
        {
          "name": "syft:package:metadataType",
          "value": "GolangBinMetadata"
        },
        {
          "name": "syft:package:type",
          "value": "go-module"
        },
        {
          "name": "syft:location:0:layerID",
          "value": "sha256:7aaee31f61bd806c7dc9e121d16a177022de840f3a66fa7dd8ff7950d8af43f0"
        },
        {
          "name": "syft:location:0:path",
          "value": "/manager"
        },
        {
          "name": "syft:metadata:architecture",
          "value": "amd64"
        },
        {
          "name": "syft:metadata:goCompiledVersion",
          "value": "go1.22.4"
        },
        {
          "name": "syft:metadata:h1Digest",
          "value": "h1:sgn3ZU783SCgtaSJjpcVVlRqd6GSnlTLKgpAAttJvpI="
        }
      ]
    },
    {
      "bom-ref": "pkg:golang/sigs.k8s.io/controller-runtime@v0.18.3?package-id=389d0e272664a3f4",
      "type": "library",
      "name": "sigs.k8s.io/controller-runtime",
      "version": "v0.18.3",
      "purl": "pkg:golang/sigs.k8s.io/controller-runtime@v0.18.3",
      "properties": [
        {
          "name": "syft:package:foundBy",
          "value": "go-module-binary-cataloger"
        },
        {
          "name": "syft:package:language",
          "value": "go"
        },
        {
          "name": "syft:package:metadataType",
          "value": "GolangBinMetadata"
        },
        {
          "name": "syft:package:type",
          "value": "go-module"
        },
        {
          "name": "syft:location:0:layerID",
          "value": "sha256:7aaee31f61bd806c7dc9e121d16a177022de840f3a66fa7dd8ff7950d8af43f0"
        },
        {
          "name": "syft:location:0:path",
          "value": "/manager"
        },
        {
          "name": "syft:metadata:architecture",
          "value": "amd64"
        },
        {
          "name": "syft:metadata:goCompiledVersion",
          "value": "go1.22.4"
        },
        {
          "name": "syft:metadata:h1Digest",
          "value": "h1:B5Wmmo8WMWK7izei+2LlXLVDGzMwAHBNLX68lwtlSR4="
        }
      ]
    },
    {
      "bom-ref": "pkg:golang/sigs.k8s.io/json@v0.0.0-20221116044647-bc3834ca7abd?package-id=a0bc6b6db325c628",
      "type": "library",
      "name": "sigs.k8s.io/json",
      "version": "v0.0.0-20221116044647-bc3834ca7abd",
      "purl": "pkg:golang/sigs.k8s.io/json@v0.0.0-20221116044647-bc3834ca7abd",
      "properties": [
        {
          "name": "syft:package:foundBy",
          "value": "go-module-binary-cataloger"
        },
        {
          "name": "syft:package:language",
          "value": "go"
        },
        {
          "name": "syft:package:metadataType",
          "value": "GolangBinMetadata"
        },
        {
          "name": "syft:package:type",
          "value": "go-module"
        },
        {
          "name": "syft:location:0:layerID",
          "value": "sha256:7aaee31f61bd806c7dc9e121d16a177022de840f3a66fa7dd8ff7950d8af43f0"
        },
        {
          "name": "syft:location:0:path",
          "value": "/manager"
        },
        {
          "name": "syft:metadata:architecture",
          "value": "amd64"
        },
        {
          "name": "syft:metadata:goCompiledVersion",
          "value": "go1.22.4"
        },
        {
          "name": "syft:metadata:h1Digest",
          "value": "h1:EDPBXCAspyGV4jQlpZSudPeMmr1bNJefnuqLsRAsHZo="
        }
      ]
    },
    {
      "bom-ref": "pkg:golang/sigs.k8s.io/structured-merge-diff/v4@v4.4.1?package-id=557bc571b2940f47",
      "type": "library",
      "name": "sigs.k8s.io/structured-merge-diff/v4",
      "version": "v4.4.1",
      "cpe": "cpe:2.3:a:structured-merge-diff:v4:v4.4.1:*:*:*:*:*:*:*",
      "purl": "pkg:golang/sigs.k8s.io/structured-merge-diff/v4@v4.4.1",
      "properties": [
        {
          "name": "syft:package:foundBy",
          "value": "go-module-binary-cataloger"
        },
        {
          "name": "syft:package:language",
          "value": "go"
        },
        {
          "name": "syft:package:metadataType",
          "value": "GolangBinMetadata"
        },
        {
          "name": "syft:package:type",
          "value": "go-module"
        },
        {
          "name": "syft:cpe23",
          "value": "cpe:2.3:a:structured_merge_diff:v4:v4.4.1:*:*:*:*:*:*:*"
        },
        {
          "name": "syft:cpe23",
          "value": "cpe:2.3:a:structured-merge:v4:v4.4.1:*:*:*:*:*:*:*"
        },
        {
          "name": "syft:cpe23",
          "value": "cpe:2.3:a:structured_merge:v4:v4.4.1:*:*:*:*:*:*:*"
        },
        {
          "name": "syft:cpe23",
          "value": "cpe:2.3:a:structured:v4:v4.4.1:*:*:*:*:*:*:*"
        },
        {
          "name": "syft:location:0:layerID",
          "value": "sha256:7aaee31f61bd806c7dc9e121d16a177022de840f3a66fa7dd8ff7950d8af43f0"
        },
        {
          "name": "syft:location:0:path",
          "value": "/manager"
        },
        {
          "name": "syft:metadata:architecture",
          "value": "amd64"
        },
        {
          "name": "syft:metadata:goCompiledVersion",
          "value": "go1.22.4"
        },
        {
          "name": "syft:metadata:h1Digest",
          "value": "h1:150L+0vs/8DA78h1u02ooW1/fFq/Lwr+sGiqlzvrtq4="
        }
      ]
    },
    {
      "bom-ref": "pkg:golang/sigs.k8s.io/yaml@v1.4.0?package-id=e0b61564b73f0c32",
      "type": "library",
      "name": "sigs.k8s.io/yaml",
      "version": "v1.4.0",
      "purl": "pkg:golang/sigs.k8s.io/yaml@v1.4.0",
      "properties": [
        {
          "name": "syft:package:foundBy",
          "value": "go-module-binary-cataloger"
        },
        {
          "name": "syft:package:language",
          "value": "go"
        },
        {
          "name": "syft:package:metadataType",
          "value": "GolangBinMetadata"
        },
        {
          "name": "syft:package:type",
          "value": "go-module"
        },
        {
          "name": "syft:location:0:layerID",
          "value": "sha256:7aaee31f61bd806c7dc9e121d16a177022de840f3a66fa7dd8ff7950d8af43f0"
        },
        {
          "name": "syft:location:0:path",
          "value": "/manager"
        },
        {
          "name": "syft:metadata:architecture",
          "value": "amd64"
        },
        {
          "name": "syft:metadata:goCompiledVersion",
          "value": "go1.22.4"
        },
        {
          "name": "syft:metadata:h1Digest",
          "value": "h1:Mk1wCc2gy/F0THH0TAp1QYyJNzRm2KCLy3o5ASXVI5E="
        }
      ]
    },
    {
      "type": "operating-system",
      "name": "rhel",
      "version": "9.2",
      "description": "Red Hat Enterprise Linux 9.2 (Plow)",
      "cpe": "cpe:/o:redhat:enterprise_linux:9::baseos",
      "swid": {
        "tagId": "rhel",
        "name": "rhel",
        "version": "9.2"
      },
      "externalReferences": [
        {
          "url": "https://bugzilla.redhat.com/",
          "type": "issue-tracker"
        },
        {
          "url": "https://www.redhat.com/",
          "type": "website"
        }
      ],
      "properties": [
        {
          "name": "syft:distro:id",
          "value": "rhel"
        },
        {
          "name": "syft:distro:idLike:0",
          "value": "fedora"
        },
        {
          "name": "syft:distro:prettyName",
          "value": "Red Hat Enterprise Linux 9.2 (Plow)"
        },
        {
          "name": "syft:distro:versionID",
          "value": "9.2"
        }
      ]
    }
  ]
}
